anime_id,Scored By
32281,1807089.0
15335,129726.0
28851,1523740.0
199,1234780.0
12355,443973.0
164,769154.0
7311,300672.0
28957,48585.0
431,866696.0
31757,256919.0
4282,127978.0
4565,97127.0
11577,342419.0
10408,443027.0
21899,16192.0
7472,91198.0
28805,217830.0
578,379744.0
5205,108703.0
18617,54939.0
30346,137194.0
3784,317368.0
11981,215291.0
11979,97268.0
523,658094.0
572,223595.0
9260,271790.0
32,586441.0
2236,442938.0
2418,159827.0
1365,44941.0
4155,150154.0
5,206248.0
12859,168575.0
5460,32366.0
513,289006.0
16664,112779.0
16782,498648.0
28675,130201.0
21557,154004.0
43,315593.0
9617,186594.0
10153,10357.0
1033,79434.0
12115,135337.0
6675,194318.0
32005,21975.0
28725,153209.0
585,190624.0
31490,119863.0
759,138378.0
11977,97706.0
5681,287982.0
6467,31535.0
372,65052.0
512,356104.0
5365,52427.0
7465,55193.0
1364,36532.0
16662,178434.0
1367,31921.0
437,349014.0
12477,130142.0
4107,78976.0
1506,31217.0
2759,331242.0
3016,16962.0
3783,134951.0
1430,70510.0
20371,31120.0
15039,137806.0
24997,72116.0
21419,23359.0
31149,33229.0
781,38521.0
1363,35935.0
5029,11101.0
21647,170087.0
47,485580.0
30415,41064.0
1943,255278.0
20815,18322.0
9963,26725.0
32551,38386.0
14807,51096.0
9204,7825.0
24921,12427.0
4672,38745.0
21469,35656.0
29831,3182.0
2154,43045.0
1689,544078.0
7711,207324.0
12113,132041.0
3014,21533.0
1089,21822.0
4106,73536.0
8142,83227.0
7222,13340.0
2623,5595.0
4280,126460.0
18429,16109.0
14353,133843.0
4985,14968.0
793,33150.0
28755,289130.0
10029,111855.0
416,147809.0
13119,6954.0
3782,143662.0
12017,13017.0
780,37679.0
14349,171778.0
9465,34517.0
14175,34306.0
2753,3690.0
779,43114.0
1366,29565.0
187,104550.0
597,162538.0
12917,1612.0
15771,42191.0
11001,8341.0
9724,33153.0
21339,132719.0
543,89233.0
9252,35465.0
1505,27859.0
4447,26290.0
317,142679.0
13117,9110.0
16904,120924.0
2273,35284.0
2890,360594.0
468,84999.0
29755,35485.0
5310,15514.0
2265,
23249,5273.0
10090,4303.0
1824,19138.0
19489,94060.0
19613,17628.0
10218,141849.0
1379,24301.0
23293,12980.0
33221,11997.0
1961,10397.0
2761,3479.0
28881,13831.0
21473,44182.0
451,52461.0
433,89789.0
1092,19137.0
1921,8312.0
11737,138470.0
875,30412.0
29830,3070.0
16870,384937.0
15197,68974.0
570,73791.0
2175,21269.0
2594,26460.0
9790,70077.0
8514,37621.0
12117,24291.0
19115,10217.0
29829,3242.0
30868,16490.0
14735,20861.0
1462,44127.0
13667,199906.0
30413,15309.0
33082,35152.0
1096,15482.0
14407,59728.0
10092,32372.0
9785,2416.0
1211,7987.0
2397,47185.0
9760,94201.0
2593,179701.0
2454,4752.0
87,27623.0
30364,32098.0
22819,3644.0
6772,43086.0
2450,5128.0
6927,13015.0
30952,11853.0
6046,21828.0
9000,29477.0
10717,18221.0
531,35379.0
6637,79854.0
10389,33768.0
2499,7921.0
32108,44551.0
3603,27700.0
464,57070.0
9745,13826.0
997,28040.0
28479,21495.0
1301,7438.0
462,54459.0
10715,18408.0
8247,118499.0
450,56165.0
6624,19508.0
25015,72454.0
23777,46923.0
371,56910.0
430,202233.0
16528,69053.0
9288,3667.0
6372,96443.0
2313,4846.0
24543,34945.0
11531,18875.0
10534,9214.0
33513,47706.0
905,94154.0
5204,108179.0
1034,15829.0
10716,17836.0
1924,3069.0
3785,251729.0
10999,9397.0
10500,9818.0
11743,66691.0
12049,118865.0
6152,5126.0
19191,24569.0
23775,48540.0
9751,18753.0
2202,4274.0
452,55182.0
32869,15434.0
6172,15492.0
2498,8050.0
25729,3566.0
14669,38608.0
27411,16184.0
617,66810.0
4835,134075.0
8888,89431.0
9786,1297.0
25687,59747.0
5290,2410.0
528,173195.0
1861,8178.0
17437,11154.0
304,22479.0
2673,5403.0
2848,7312.0
15813,6219.0
3848,33328.0
46,26859.0
17187,29419.0
7651,2168.0
1029,71016.0
10714,19177.0
6408,27255.0
2174,4276.0
8100,27916.0
814,7732.0
2098,3742.0
1240,21178.0
901,100164.0
14837,145743.0
449,48375.0
32870,13048.0
522,42867.0
10589,137990.0
2961,71104.0
9979,2569.0
2889,143726.0
2171,24939.0
19195,17494.0
5998,4258.0
10731,4797.0
22419,1922.0
13709,33273.0
1474,3683.0
15199,53182.0
1095,19001.0
13391,44058.0
441,25372.0
24919,11445.0
1686,167317.0
1681,19720.0
6922,117869.0
17121,36779.0
7045,6524.0
12053,17323.0
20671,3133.0
1911,3815.0
24655,109675.0
2392,9569.0
5710,1926.0
1091,19912.0
7877,1385.0
34136,48398.0
17269,30803.0
15201,46230.0
25389,116360.0
5929,373.0
5291,4621.0
5096,6914.0
906,78647.0
1773,5008.0
12015,10906.0
2922,1602.0
8246,141712.0
1203,3315.0
10294,25864.0
10713,20456.0
28771,44431.0
13335,12324.0
19193,20534.0
20903,28100.0
10918,6230.0
14267,4663.0
792,10996.0
1006,11944.0
30869,5944.0
1475,3445.0
2672,2584.0
2286,4983.0
31,140233.0
9959,220.0
9340,575.0
9135,95269.0
1825,5541.0
10624,20667.0
520,4531.0
6325,113068.0
1010,7888.0
8115,8512.0
9032,18548.0
2460,3230.0
10629,2191.0
3744,2595.0
484,4383.0
9931,1403.0
2408,2631.0
1419,5258.0
24591,3627.0
25755,4546.0
30790,4141.0
2969,22251.0
2656,4891.0
15925,4478.0
27969,12239.0
7337,33177.0
21031,1742.0
815,11789.0
1764,9652.0
31245,94454.0
4970,59132.0
1078,15889.0
2665,4870.0
2676,4189.0
465,38593.0
1117,121050.0
1815,30269.0
15307,2466.0
8098,5380.0
2407,3366.0
1302,3579.0
565,39678.0
4703,2150.0
33302,4054.0
2649,1638.0
463,44265.0
2107,36720.0
2658,2672.0
6930,4069.0
1441,8653.0
1090,23956.0
2472,167460.0
4437,147095.0
2141,1920.0
2427,2340.0
9544,16061.0
1983,1880.0
2756,6152.0
2677,4288.0
2661,4453.0
19645,5261.0
1030,59142.0
31989,9501.0
1255,8787.0
1259,13735.0
867,9184.0
869,9824.0
2013,3621.0
3051,2377.0
3203,898.0
2654,3159.0
2393,6001.0
844,3872.0
6288,37628.0
5753,2730.0
1329,1081.0
868,9498.0
21395,3320.0
2398,29495.0
3727,5234.0
1906,1820.0
1206,2646.0
1526,71800.0
4921,4650.0
2111,1953.0
3089,24033.0
713,32384.0
2675,4799.0
2648,2859.0
3508,12547.0
6795,7978.0
13271,109424.0
418,11473.0
536,13001.0
807,23258.0
1521,6569.0
8369,3703.0
2660,1580.0
1432,5182.0
33190,14880.0
2670,7539.0
8134,1458.0
1969,5201.0
19021,50572.0
3087,43299.0
902,72990.0
32871,14716.0
415,24750.0
30870,5304.0
1723,89509.0
19951,90982.0
1967,5992.0
2385,21965.0
6988,3824.0
11053,3693.0
3223,1247.0
9999,31211.0
2386,23829.0
2847,69928.0
28495,3148.0
883,13450.0
1901,4693.0
10681,47996.0
2667,2894.0
2666,2655.0
2655,5683.0
893,31609.0
15785,6920.0
3222,1295.0
5084,5473.0
2948,2018.0
460,54150.0
11019,4314.0
5014,699.0
3067,1369.0
3269,14527.0
11375,7388.0
2920,1943.0
2671,3561.0
32071,58171.0
1416,4650.0
12001,8872.0
1120,73558.0
866,9315.0
27825,2273.0
3186,1758.0
3043,2493.0
1358,11770.0
16442,1953.0
31280,5796.0
6169,2602.0
1920,5211.0
6460,4083.0
2123,11074.0
2668,2625.0
1931,2709.0
8120,1013.0
1116,2254.0
2901,798.0
2947,2192.0
1362,18690.0
30711,42211.0
974,40235.0
1140,35237.0
6463,649.0
14293,38333.0
8133,2850.0
23987,13752.0
2657,2702.0
31201,3025.0
1968,5384.0
10686,40107.0
27539,914.0
1144,7786.0
17699,2883.0
30845,1255.0
8359,4689.0
2659,3774.0
9958,17746.0
3946,1719.0
14817,4797.0
732,44273.0
2662,2579.0
2664,4511.0
4246,22607.0
2264,1923.0
459,71332.0
3868,794.0
898,90537.0
6610,34707.0
911,3018.0
2429,1396.0
13171,16843.0
8475,14331.0
8363,2593.0
2962,26075.0
2674,2248.0
3760,681.0
22583,1846.0
21189,12272.0
22677,9403.0
2199,5712.0
8364,1971.0
29927,750.0
29513,10376.0
54,41210.0
8362,4628.0
28211,18596.0
2176,1441.0
4926,916.0
12221,2475.0
1101,7838.0
2669,3861.0
2678,2002.0
10115,505.0
30290,1541.0
3752,1009.0
2490,18434.0
31919,803.0
2452,4211.0
3446,24202.0
1796,3608.0
393,30924.0
28539,8191.0
7144,1462.0
493,7426.0
2651,1157.0
1829,84430.0
23083,1499.0
2077,1290.0
2279,2164.0
461,46558.0
11009,3830.0
2470,2026.0
6217,2681.0
2132,8340.0
10690,2541.0
442,176117.0
1922,3384.0
30419,3198.0
548,15381.0
3033,12733.0
20673,9046.0
33511,
7308,719.0
1209,4039.0
1118,112069.0
758,6981.0
760,9945.0
17677,4469.0
3745,5334.0
2652,1767.0
2950,13082.0
28841,3603.0
1207,1934.0
23991,2772.0
900,74001.0
4983,10683.0
475,2116.0
6178,52446.0
2997,1436.0
9798,1924.0
7695,42806.0
1258,9635.0
7366,450.0
6219,2053.0
10592,1182.0
9348,688.0
903,80328.0
796,713.0
10659,25328.0
7014,3117.0
20969,1308.0
3072,1186.0
3032,10620.0
1122,69831.0
4026,54174.0
5895,152.0
1028,4596.0
892,29838.0
899,77387.0
1435,6926.0
3847,842.0
10821,2209.0
28257,988.0
3829,2438.0
1049,5307.0
4876,1569.0
21027,1203.0
3751,977.0
2491,905.0
1925,2695.0
8358,4971.0
8360,2336.0
1260,8947.0
1208,1536.0
32534,930.0
12223,1034.0
2172,1503.0
502,36538.0
1400,4280.0
31231,20429.0
1119,95533.0
1256,11007.0
2006,29011.0
27653,2551.0
1951,11896.0
16678,4260.0
32160,1382.0
28625,27698.0
2625,1024.0
711,1644.0
2746,10852.0
31763,29102.0
891,33697.0
12035,2396.0
1032,3283.0
1549,1462.0
2118,3020.0
10116,2669.0
3031,9818.0
1192,19396.0
2201,51481.0
212,8219.0
2715,1005.0
492,9465.0
405,58156.0
2055,826.0
2722,2498.0
5136,535.0
2029,1841.0
2493,801.0
9547,2548.0
2121,2438.0
9154,677.0
884,9136.0
896,81720.0
12163,171.0
3547,408.0
20889,9209.0
32153,10295.0
936,133610.0
2492,859.0
1923,3039.0
10259,16365.0
2646,778.0
1930,2873.0
8092,430.0
25907,12446.0
24347,5540.0
23849,2619.0
882,14685.0
2682,1099.0
8361,1931.0
313,1739.0
83,6621.0
2144,118920.0
3367,868.0
2793,1651.0
9917,33125.0
25805,32312.0
544,5607.0
2289,977.0
6032,2216.0
8368,1810.0
17357,1866.0
2645,589.0
894,74058.0
4124,2094.0
1760,7611.0
5296,865.0
4406,1059.0
2614,481.0
1121,59030.0
3646,699.0
1290,5534.0
10740,27349.0
17113,2813.0
25383,2881.0
8228,828.0
2611,5260.0
10502,3433.0
2884,4742.0
2178,8520.0
219,8126.0
7135,6479.0
88,16605.0
2120,2251.0
895,67039.0
29868,1504.0
12783,40893.0
14629,3073.0
4943,629.0
2119,2458.0
8366,2125.0
7435,799.0
3326,9042.0
2695,3446.0
3602,1654.0
9957,156.0
2633,663.0
12499,2947.0
757,2134.0
31930,
5526,20323.0
7536,572.0
6162,9203.0
8365,1708.0
378,2397.0
3659,219.0
10114,267.0
11635,1863.0
4031,1040.0
2811,2851.0
3964,1401.0
723,1676.0
897,71092.0
13755,820.0
4306,964.0
7329,1132.0
14853,3892.0
2334,556.0
6527,2066.0
3720,876.0
9773,572.0
2511,1000.0
10074,3211.0
9858,385.0
6855,429.0
8208,1009.0
1433,3964.0
33741,2008.0
13173,2907.0
3069,1246.0
1497,1890.0
2802,932.0
4201,278.0
21707,524.0
25857,815.0
420,13367.0
12857,3587.0
10702,13874.0
7330,763.0
8632,446.0
2653,717.0
1317,3651.0
2831,373.0
1204,3768.0
12663,453.0
2628,531.0
6670,376.0
12745,809.0
5936,366.0
12279,355.0
29855,864.0
4793,24118.0
20543,23735.0
1752,1611.0
2042,5018.0
17679,3965.0
6653,996.0
3037,1194.0
17573,1687.0
2033,3143.0
8367,2633.0
2650,917.0
7436,681.0
3481,1086.0
16756,352.0
8245,2993.0
10005,329.0
11755,6651.0
8783,397.0
17233,185.0
315,1146.0
8950,762.0
504,7221.0
7285,286.0
21569,26237.0
11073,5226.0
3866,351.0
10689,1084.0
17493,157.0
8546,600.0
7477,465.0
6728,252.0
9495,301.0
15347,536.0
9549,791.0
2606,6146.0
7666,906.0
6028,524.0
7364,704.0
3488,2526.0
31344,2343.0
496,2158.0
7664,492.0
5529,5614.0
3963,1413.0
1670,6323.0
4795,9850.0
1130,3752.0
2060,2402.0
1978,4682.0
13799,4001.0
7839,
2801,845.0
2211,2774.0
2456,953.0
4112,
979,9583.0
10693,1089.0
7112,483.0
10016,3486.0
12671,29581.0
4794,7590.0
12267,278.0
8108,669.0
155,18218.0
1894,47554.0
9548,784.0
2710,217.0
8598,367.0
2895,456.0
4640,302.0
16680,27300.0
5535,313.0
4387,1051.0
1370,4581.0
9558,154.0
3522,1193.0
19271,291.0
4792,14039.0
10687,17043.0
4371,585.0
20381,346.0
31866,622.0
8487,5574.0
13253,2953.0
26053,684.0
8839,696.0
2207,1071.0
3273,437.0
1044,3998.0
2560,3588.0
3842,895.0
1793,7648.0
5225,4824.0
9789,400.0
1141,2716.0
9077,619.0
4481,1261.0
10723,419.0
2626,652.0
10055,852.0
20441,257.0
7578,896.0
9291,596.0
9078,252.0
950,8240.0
8109,638.0
29863,391.0
9795,279.0
25457,2813.0
7336,767.0
20469,299.0
2047,2254.0
7117,482.0
21571,2485.0
4524,697.0
6518,298.0
6310,426.0
28511,1401.0
3757,679.0
8332,184.0
7496,515.0
7157,463.0
5496,974.0
3758,283.0
22249,1343.0
5238,379.0
2312,1418.0
23399,
608,2938.0
2915,558.0
7158,414.0
2071,3177.0
13935,556.0
3153,526.0
3274,305.0
13239,4704.0
2428,703.0
18063,250.0
4388,
3147,523.0
18061,255.0
5272,281.0
5917,301.0
7547,199.0
23831,4938.0
3755,430.0
7626,276.0
4099,609.0
1107,20315.0
17325,231.0
5848,976.0
5956,319.0
2621,2135.0
2099,1642.0
10342,470.0
1361,48569.0
23697,5180.0
4475,1458.0
3905,915.0
9166,253.0
2647,284.0
8450,242.0
2293,2853.0
5386,1743.0
2550,1669.0
10013,497.0
13169,4824.0
7816,423.0
8145,359.0
2631,646.0
8547,450.0
20907,2265.0
7667,484.0
9990,913.0
3472,1074.0
2008,746.0
9163,378.0
7718,1111.0
13639,3729.0
2133,1186.0
28853,2187.0
28085,1151.0
13863,11622.0
7171,960.0
2100,1156.0
6693,300.0
8146,364.0
7598,7499.0
8548,413.0
4385,1045.0
4386,765.0
3278,218.0
5006,665.0
18637,263.0
10405,1756.0
3914,5423.0
3015,6268.0
4513,2183.0
3276,214.0
32041,355.0
7729,215.0
19731,178.0
11049,183.0
9566,844.0
7752,213.0
6062,303.0
8157,262.0
3475,2634.0
31927,3164.0
7170,789.0
29511,5574.0
13175,2400.0
791,2386.0
9165,267.0
2760,1880.0
8149,
16149,10808.0
5098,337.0
1380,5026.0
13215,2034.0
1777,2339.0
19401,239.0
9254,352.0
2840,837.0
6872,1226.0
8491,2350.0
9880,213.0
8584,696.0
3215,1494.0
2423,1150.0
31923,702.0
30585,16297.0
17959,313.0
12867,1824.0
9595,567.0
8550,385.0
8150,310.0
31762,2289.0
8141,225.0
6994,816.0
8848,222.0
2770,1395.0
4948,758.0
6688,251.0
3120,1522.0
1494,4221.0
7376,304.0
15177,1728.0
3115,1127.0
6496,1130.0
9972,258.0
7252,204.0
7169,501.0
9172,311.0
30865,401.0
9164,247.0
4095,2374.0
1552,377.0
6695,497.0
3898,1803.0
7610,825.0
6095,396.0
8152,285.0
3155,296.0
11561,536.0
8132,676.0
1984,1701.0
904,74300.0
5314,181.0
11791,215.0
17963,280.0
2981,31488.0
18755,2386.0
7491,567.0
29765,316.0
6074,200.0
5289,491.0
2830,290.0
7290,741.0
4713,10762.0
9951,583.0
7876,354.0
2388,272.0
28251,816.0
5421,442.0
11705,4481.0
4461,1128.0
17165,232.0
7510,423.0
12589,235.0
6680,809.0
6965,192.0
30922,1640.0
9282,242.0
8842,230.0
10199,204.0
2851,699.0
8928,307.0
5469,1043.0
6071,247.0
11693,331.0
2314,318.0
19165,4429.0
2833,614.0
12965,317.0
7532,386.0
5673,679.0
3178,753.0
1990,613.0
9098,455.0
10688,747.0
7621,423.0
34048,3503.0
22847,3939.0
10718,343.0
5515,224.0
1106,3895.0
5178,20109.0
5503,200.0
4907,304.0
515,2113.0
10261,134.0
29517,709.0
17719,310.0
32563,395.0
5157,567.0
7156,725.0
10501,3149.0
8490,3687.0
3258,3700.0
216,1133.0
4471,591.0
6985,3086.0
7420,127.0
4091,1370.0
9385,279.0
8551,487.0
12569,254.0
30886,393.0
4097,226.0
8181,675.0
8252,
12971,196.0
6993,1040.0
8707,250.0
3669,499.0
9264,411.0
5640,366.0
12851,514.0
7461,198.0
28991,208.0
7257,706.0
7771,295.0
9274,
18109,229.0
20961,1301.0
1378,2319.0
17965,223.0
3763,330.0
4210,635.0
9087,460.0
16506,215.0
6189,792.0
14347,6182.0
5090,638.0
28419,389.0
29943,1409.0
21081,406.0
30053,382.0
1154,512.0
5889,346.0
5875,1888.0
3990,1213.0
16381,2180.0
1866,873.0
5620,621.0
9279,516.0
3192,786.0
8972,632.0
1989,1508.0
16798,139.0
29772,947.0
7985,366.0
31972,294.0
7786,657.0
7807,337.0
10904,373.0
5662,841.0
9521,413.0
3843,682.0
31769,222.0
29585,289.0
2311,736.0
30967,643.0
2876,278.0
17387,353.0
3496,301.0
30920,745.0
5232,340.0
10375,237.0
4147,1478.0
9053,491.0
31310,484.0
2767,1585.0
6835,686.0
5053,2197.0
19233,700.0
33187,4458.0
10463,715.0
20713,232.0
7314,449.0
10313,317.0
11269,311.0
3473,965.0
13089,282.0
3886,3097.0
6305,1212.0
2069,647.0
1776,557.0
7524,214.0
12603,649.0
3929,729.0
3743,1268.0
3070,773.0
11447,975.0
13083,309.0
1160,1518.0
11659,671.0
5799,417.0
4398,1688.0
8297,2025.0
9861,895.0
33449,324.0
29515,405.0
30862,995.0
6797,439.0
5631,775.0
30394,179.0
7450,351.0
13971,2163.0
2258,373.0
23061,380.0
5632,852.0
9392,281.0
28041,859.0
1252,2661.0
6937,413.0
7244,459.0
7451,476.0
9850,361.0
30473,422.0
1982,2129.0
7255,473.0
13369,232.0
28987,205.0
7258,572.0
2941,663.0
19219,609.0
12295,622.0
5873,923.0
12789,413.0
7528,647.0
7497,622.0
6939,504.0
28057,266.0
6843,568.0
27437,176.0
10674,395.0
4391,882.0
29956,171.0
29629,660.0
7523,326.0
13085,243.0
29771,520.0
29673,210.0
30341,176.0
12561,673.0
5826,1084.0
28241,561.0
7530,450.0
2765,1141.0
19209,233.0
3463,707.0
5869,689.0
13087,238.0
28639,518.0
28653,136.0
13439,606.0
7243,811.0
30336,219.0
18457,514.0
7488,434.0
29701,280.0
25461,318.0
6827,406.0
30850,841.0
28245,496.0
1833,722.0
6847,405.0
28045,523.0
6829,544.0
30327,236.0
23759,490.0
30393,177.0
28953,424.0
29904,361.0
10743,511.0
31262,400.0
3799,704.0
30330,222.0
7446,432.0
29633,275.0
1031,1218.0
7843,561.0
31834,334.0
1287,1204.0
4390,738.0
6281,1104.0
10710,757.0
7445,441.0
24363,211.0
30334,206.0
29932,406.0
28827,178.0
28049,301.0
28765,335.0
4395,496.0
31912,356.0
28955,219.0
28051,445.0
23053,372.0
5874,388.0
22175,263.0
28761,6217.0
7273,1418.0
31507,401.0
15455,521.0
31257,410.0
4761,539.0
7494,828.0
5872,592.0
6857,861.0
6848,418.0
6769,1321.0
7021,481.0
5871,540.0
29411,445.0
6852,
4392,581.0
3252,339.0
30404,216.0
31760,380.0
6836,583.0
6846,400.0
23065,415.0
29766,395.0
13513,1070.0
28587,419.0
10763,252.0
5299,455.0
31831,420.0
28993,474.0
1621,922.0
7259,559.0
7809,853.0
1626,1962.0
4250,789.0
29905,380.0
28951,632.0
4394,608.0
6832,758.0
6837,655.0
12919,857.0
4733,306.0
29944,664.0
31833,281.0
7485,1604.0
6842,411.0
31267,384.0
7025,1390.0
10742,383.0
7810,635.0
30399,221.0
12803,432.0
6841,637.0
5838,587.0
31759,436.0
30400,226.0
22165,379.0
10627,216.0
30401,187.0
30332,460.0
29597,601.0
7032,561.0
30078,201.0
17076,604.0
29768,510.0
10436,564.0
5870,666.0
30335,196.0
4966,1397.0
4393,1010.0
30659,435.0
1451,2213.0
20153,405.0
6850,489.0
29681,258.0
31761,466.0
29989,288.0
28655,319.0
9976,530.0
6431,599.0
30666,216.0
19213,658.0
22163,272.0
6831,554.0
29906,332.0
705,1120.0
28641,561.0
7501,260.0
30326,230.0
7031,669.0
22171,198.0
6823,723.0
23063,919.0
29311,356.0
7020,520.0
29907,448.0
31584,181.0
30480,267.0
6839,447.0
30418,196.0
4462,882.0
31832,486.0
29293,
6830,514.0
6654,5344.0
7071,560.0
7026,604.0
9318,528.0
5868,888.0
29952,527.0
5661,767.0
30664,240.0
28647,561.0
30331,234.0
30337,243.0
30667,219.0
3930,830.0
29908,390.0
30339,236.0
23051,588.0
5812,677.0
7029,605.0
5811,690.0
29988,302.0
28645,675.0
30328,256.0
4397,656.0
6849,579.0
6840,594.0
29777,1112.0
30814,206.0
5813,1266.0
23517,408.0
30340,279.0
6535,2434.0
23059,961.0
22159,291.0
30396,364.0
7027,734.0
16802,415.0
7030,885.0
22167,307.0
23055,353.0
30669,203.0
7811,1008.0
6851,568.0
4396,684.0
5814,806.0
9895,939.0
30559,223.0
6844,669.0
30329,264.0
6834,694.0
29980,1474.0
28843,1661.0
30668,524.0
6838,844.0
29957,589.0
6828,502.0
23057,2715.0
4567,736.0
23877,1359.0
22157,694.0
7024,1115.0
30665,607.0
30859,511.0
6833,722.0
29619,628.0
22177,811.0
22181,430.0
28637,652.0
28657,718.0
22173,627.0
16822,491.0
6950,1463.0
22255,543.0
29984,696.0
11357,483.0
7022,802.0
7028,879.0
31586,3121.0
22161,1009.0
7900,678.0
29617,959.0
22169,1308.0
22179,1564.0
6953,2792.0
29949,
25627,UNKNOWN
18305,143.0
6073,184.0
16812,202.0
16564,191.0
16570,132.0
31485,2178.0
32806,1298.0
14183,255.0
24857,UNKNOWN
29842,UNKNOWN
23779,UNKNOWN
8226,303.0
8227,255.0
31941,451.0
32253,UNKNOWN
22959,UNKNOWN
30617,561.0
17117,UNKNOWN
22851,UNKNOWN
29791,152.0
33232,441.0
7633,UNKNOWN
21761,UNKNOWN
21763,UNKNOWN
21765,161.0
33342,UNKNOWN
6630,120.0
23031,UNKNOWN
28091,UNKNOWN
9796,249.0
23523,UNKNOWN
31730,UNKNOWN
7715,UNKNOWN
29708,UNKNOWN
25963,223.0
17479,UNKNOWN
20383,UNKNOWN
30249,UNKNOWN
16514,183.0
29897,187.0
29710,139.0
10203,UNKNOWN
10200,UNKNOWN
29764,240.0
29886,UNKNOWN
20189,191.0
8416,162.0
8403,UNKNOWN
28983,118.0
31258,317.0
31868,UNKNOWN
16786,226.0
24881,UNKNOWN
29921,175.0
23611,UNKNOWN
6671,163.0
9447,UNKNOWN
18759,UNKNOWN
32345,224.0
33344,208.0
33728,7351.0
23185,UNKNOWN
23187,UNKNOWN
30267,UNKNOWN
29655,147.0
21025,126.0
30228,UNKNOWN
16558,UNKNOWN
18271,UNKNOWN
31202,321.0
24923,UNKNOWN
29947,UNKNOWN
29948,UNKNOWN
31236,UNKNOWN
29792,133.0
24269,UNKNOWN
29135,154.0
29793,156.0
7354,113.0
8563,121.0
30634,UNKNOWN
10040,147.0
17689,333.0
23191,UNKNOWN
24927,UNKNOWN
28829,195.0
13511,UNKNOWN
13509,UNKNOWN
13507,UNKNOWN
30923,441.0
16794,198.0
30247,108.0
29711,UNKNOWN
31978,1461.0
30955,420.0
33685,2147.0
33686,1637.0
33687,1725.0
6760,UNKNOWN
6759,UNKNOWN
6762,UNKNOWN
6761,UNKNOWN
19905,UNKNOWN
16554,UNKNOWN
16816,UNKNOWN
23189,575.0
18317,UNKNOWN
17665,UNKNOWN
18327,UNKNOWN
16572,UNKNOWN
18325,UNKNOWN
18313,UNKNOWN
29713,UNKNOWN
5916,UNKNOWN
2642,132.0
2639,153.0
2636,153.0
29349,UNKNOWN
25299,UNKNOWN
27577,UNKNOWN
7498,593.0
31261,270.0
32926,UNKNOWN
19907,UNKNOWN
6517,UNKNOWN
19943,UNKNOWN
15137,235.0
30193,161.0
16818,UNKNOWN
18307,UNKNOWN
33114,161.0
29987,UNKNOWN
16748,UNKNOWN
29379,UNKNOWN
30071,111.0
23969,UNKNOWN
23971,UNKNOWN
29923,367.0
20093,UNKNOWN
8218,249.0
29919,170.0
23343,110.0
29653,173.0
30530,UNKNOWN
16838,UNKNOWN
20175,116.0
30738,218.0
23863,UNKNOWN
32835,UNKNOWN
33325,UNKNOWN
18377,UNKNOWN
18319,UNKNOWN
30362,UNKNOWN
24071,343.0
8155,170.0
8493,185.0
8156,252.0
8154,177.0
8153,236.0
28103,142.0
29665,176.0
23265,394.0
2691,
30042,147.0
9351,UNKNOWN
30278,223.0
33025,2344.0
30481,176.0
30483,118.0
27651,149.0
23661,172.0
29918,127.0
16778,UNKNOWN
29924,UNKNOWN
9535,293.0
16780,UNKNOWN
7781,UNKNOWN
9501,141.0
31263,374.0
19751,UNKNOWN
11995,250.0
31510,106.0
16752,UNKNOWN
8500,651.0
33474,158.0
11673,UNKNOWN
9862,178.0
17263,UNKNOWN
30086,657.0
23651,UNKNOWN
30861,UNKNOWN
28759,155.0
24877,163.0
31583,174.0
10603,UNKNOWN
10602,UNKNOWN
10964,250.0
28749,UNKNOWN
2750,UNKNOWN
32622,121.0
18827,207.0
31585,141.0
16552,UNKNOWN
18273,158.0
23659,112.0
32645,
31235,UNKNOWN
8355,118.0
8356,126.0
8357,123.0
7967,132.0
23125,UNKNOWN
30072,UNKNOWN
34115,104.0
27375,UNKNOWN
10509,UNKNOWN
16828,UNKNOWN
31511,UNKNOWN
29587,181.0
30134,UNKNOWN
16556,119.0
6150,UNKNOWN
18309,UNKNOWN
30268,UNKNOWN
19957,UNKNOWN
16776,UNKNOWN
16824,UNKNOWN
16808,UNKNOWN
16560,147.0
25091,UNKNOWN
10238,UNKNOWN
22887,UNKNOWN
29671,151.0
16007,176.0
31509,UNKNOWN
31135,UNKNOWN
29651,158.0
29814,UNKNOWN
21467,UNKNOWN
21475,UNKNOWN
24577,UNKNOWN
29926,182.0
28235,1305.0
32227,UNKNOWN
29709,UNKNOWN
25305,UNKNOWN
10760,151.0
23183,UNKNOWN
9496,210.0
27561,UNKNOWN
18323,UNKNOWN
32252,UNKNOWN
29928,118.0
16399,UNKNOWN
29623,236.0
29645,179.0
33144,213.0
30392,172.0
18533,290.0
29409,189.0
21021,UNKNOWN
6072,119.0
9606,UNKNOWN
30921,399.0
10757,214.0
33134,UNKNOWN
33135,UNKNOWN
33136,UNKNOWN
30457,UNKNOWN
33133,UNKNOWN
29870,163.0
29677,229.0
7856,UNKNOWN
33219,2920.0
23569,UNKNOWN
33607,UNKNOWN
29381,UNKNOWN
29383,UNKNOWN
22975,112.0
22977,117.0
15067,129.0
30313,UNKNOWN
19587,UNKNOWN
21551,UNKNOWN
19053,UNKNOWN
23613,UNKNOWN
29985,UNKNOWN
13817,UNKNOWN
13819,UNKNOWN
30150,UNKNOWN
13821,UNKNOWN
13827,UNKNOWN
33177,UNKNOWN
31418,16546.0
29551,235.0
17217,UNKNOWN
23727,UNKNOWN
23639,182.0
9584,UNKNOWN
29491,UNKNOWN
31506,110.0
29661,279.0
32623,UNKNOWN
31926,142.0
21101,UNKNOWN
22111,UNKNOWN
32832,136.0
20143,UNKNOWN
28691,637.0
21099,UNKNOWN
17489,UNKNOWN
22649,UNKNOWN
29679,192.0
19683,
23085,UNKNOWN
8492,UNKNOWN
8494,UNKNOWN
9292,117.0
19941,UNKNOWN
33034,10225.0
29555,213.0
3277,201.0
3275,246.0
3279,190.0
10759,UNKNOWN
32693,125.0
28035,264.0
30407,UNKNOWN
18321,UNKNOWN
18301,UNKNOWN
23637,UNKNOWN
22511,135.0
29920,142.0
31587,162.0
28047,308.0
24073,UNKNOWN
30212,663.0
15227,74009.0
25921,UNKNOWN
2173,146.0
17469,UNKNOWN
23097,UNKNOWN
32626,146.0
19687,167.0
19781,153.0
30176,UNKNOWN
9339,UNKNOWN
28053,455.0
34201,UNKNOWN
30395,149.0
19135,261.0
26043,UNKNOWN
33115,UNKNOWN
17439,UNKNOWN
17441,UNKNOWN
17445,UNKNOWN
17443,UNKNOWN
17447,UNKNOWN
28067,171.0
17673,UNKNOWN
30098,112.0
30096,145.0
30099,UNKNOWN
29712,UNKNOWN
30343,UNKNOWN
30349,UNKNOWN
16820,UNKNOWN
25027,123.0
28099,UNKNOWN
17104,UNKNOWN
32823,UNKNOWN
31205,UNKNOWN
7500,UNKNOWN
30055,UNKNOWN
30673,171.0
31463,UNKNOWN
22827,114.0
22981,UNKNOWN
22979,UNKNOWN
8495,UNKNOWN
33183,1326.0
9818,UNKNOWN
30051,UNKNOWN
9817,151.0
30052,UNKNOWN
9819,UNKNOWN
20229,UNKNOWN
32224,UNKNOWN
8372,224.0
28989,191.0
29782,225.0
23763,127.0
20241,UNKNOWN
10285,120.0
24683,UNKNOWN
16784,UNKNOWN
25301,UNKNOWN
29719,UNKNOWN
8442,137.0
9820,
16834,UNKNOWN
33087,406.0
18311,UNKNOWN
18331,UNKNOWN
18329,UNKNOWN
7616,353.0
8522,UNKNOWN
27579,UNKNOWN
31268,227.0
29557,209.0
31582,140.0
29767,175.0
16800,UNKNOWN
33980,UNKNOWN
32461,1778.0
4096,150.0
8243,UNKNOWN
10149,130.0
29833,120.0
23005,UNKNOWN
31116,106.0
10758,155.0
33724,933.0
25541,160.0
30397,206.0
7529,UNKNOWN
33116,UNKNOWN
16796,UNKNOWN
29895,245.0
14253,148.0
17100,UNKNOWN
3465,241.0
26147,UNKNOWN
33485,UNKNOWN
30398,165.0
28695,376.0
32276,UNKNOWN
16810,UNKNOWN
18315,UNKNOWN
26153,UNKNOWN
33130,UNKNOWN
24573,UNKNOWN
31017,UNKNOWN
30864,137.0
23643,115.0
7713,168.0
22413,UNKNOWN
4218,167.0
9242,356.0
29235,316.0
29233,215.0
23647,251.0
21493,280.0
30965,UNKNOWN
29900,UNKNOWN
9303,169.0
7495,UNKNOWN
8205,UNKNOWN
30019,192.0
30018,190.0
31020,UNKNOWN
20799,UNKNOWN
28689,UNKNOWN
26033,UNKNOWN
22991,UNKNOWN
22993,UNKNOWN
27573,681.0
28143,390.0
19897,UNKNOWN
16730,130.0
16480,UNKNOWN
13091,167.0
23865,UNKNOWN
26145,UNKNOWN
4220,147.0
26143,UNKNOWN
33343,UNKNOWN
7531,UNKNOWN
14947,238.0
21163,178.0
29795,UNKNOWN
32225,UNKNOWN
23007,UNKNOWN
23009,UNKNOWN
30065,156.0
23267,282.0
3362,133.0
9866,147.0
29796,123.0
19879,192.0
23181,UNKNOWN
17675,UNKNOWN
29635,277.0
29922,UNKNOWN
7526,UNKNOWN
20185,302.0
29611,216.0
33238,384.0
29832,UNKNOWN
28073,UNKNOWN
30403,161.0
29727,116.0
6018,UNKNOWN
22675,157.0
6063,UNKNOWN
16434,1551.0
32736,286.0
29613,209.0
16458,UNKNOWN
29953,UNKNOWN
19909,UNKNOWN
30803,UNKNOWN
29898,152.0
32621,UNKNOWN
23089,377.0
7527,UNKNOWN
23633,UNKNOWN
23635,UNKNOWN
29925,UNKNOWN
27463,110.0
17321,UNKNOWN
17317,UNKNOWN
18339,UNKNOWN
18341,UNKNOWN
29377,255.0
5240,UNKNOWN
30095,179.0
29910,229.0
17721,UNKNOWN
7473,UNKNOWN
14249,179.0
22391,UNKNOWN
29797,UNKNOWN
16620,111.0
16566,UNKNOWN
16490,UNKNOWN
16562,UNKNOWN
14781,152.0
33237,UNKNOWN
31373,343.0
33710,234.0
10653,UNKNOWN
8567,UNKNOWN
33078,UNKNOWN
30204,UNKNOWN
33239,UNKNOWN
32397,466.0
15393,UNKNOWN
29798,144.0
13365,128.0
29637,257.0
29559,208.0
7696,214.0
7697,208.0
7698,183.0
29675,165.0
31052,UNKNOWN
30059,206.0
28017,UNKNOWN
33318,127.0
28693,UNKNOWN
19167,UNKNOWN
10820,207.0
25035,UNKNOWN
29647,153.0
25329,UNKNOWN
32627,UNKNOWN
30097,149.0
31264,186.0
31265,172.0
32796,UNKNOWN
32797,UNKNOWN
33195,182.0
25093,UNKNOWN
32014,UNKNOWN
18943,UNKNOWN
20963,UNKNOWN
28293,UNKNOWN
21489,133.0
33132,UNKNOWN
30045,295.0
22401,
31508,UNKNOWN
9546,UNKNOWN
33484,UNKNOWN
30070,UNKNOWN
22995,UNKNOWN
10756,UNKNOWN
30960,UNKNOWN
19983,UNKNOWN
19887,UNKNOWN
32226,UNKNOWN
32888,417.0
31829,443.0
29756,573.0
16804,UNKNOWN
23979,UNKNOWN
16814,UNKNOWN
18283,UNKNOWN
18303,UNKNOWN
22791,UNKNOWN
31948,UNKNOWN
21933,UNKNOWN
21935,UNKNOWN
27501,UNKNOWN
21937,153.0
10061,121.0
21943,UNKNOWN
21945,UNKNOWN
9007,159.0
27371,UNKNOWN
17213,UNKNOWN
22037,UNKNOWN
21947,UNKNOWN
17215,UNKNOWN
27569,129.0
21951,UNKNOWN
21953,UNKNOWN
18591,152.0
27491,UNKNOWN
27495,UNKNOWN
16163,154.0
21957,UNKNOWN
21959,UNKNOWN
10056,113.0
22035,UNKNOWN
29901,UNKNOWN
21961,UNKNOWN
18355,UNKNOWN
9446,128.0
9451,114.0
32676,UNKNOWN
19433,UNKNOWN
27683,UNKNOWN
23617,UNKNOWN
17219,155.0
21293,139.0
10060,121.0
10684,UNKNOWN
20113,112.0
21295,108.0
18357,UNKNOWN
10057,UNKNOWN
21963,UNKNOWN
10059,140.0
10685,UNKNOWN
21297,UNKNOWN
14381,114.0
21967,UNKNOWN
21969,122.0
21971,UNKNOWN
10058,142.0
30024,UNKNOWN
30210,226.0
24819,UNKNOWN
27575,UNKNOWN
29657,254.0
3575,UNKNOWN
33320,UNKNOWN
7683,150.0
14529,172.0
16790,UNKNOWN
16806,UNKNOWN
16568,UNKNOWN
19517,UNKNOWN
29799,126.0
16754,UNKNOWN
14821,UNKNOWN
33662,UNKNOWN
19535,UNKNOWN
21255,235.0
6519,UNKNOWN
23003,UNKNOWN
31486,1449.0
27377,UNKNOWN
31299,146.0
16728,185.0
30012,168.0
29669,UNKNOWN
5922,139.0
25987,UNKNOWN
18907,UNKNOWN
11681,UNKNOWN
17961,227.0
30582,UNKNOWN
5943,114.0
25149,161.0
8524,141.0
9416,134.0
9417,110.0
4621,UNKNOWN
7844,123.0
15399,UNKNOWN
32593,UNKNOWN
8081,203.0
16746,UNKNOWN
31259,407.0
19049,UNKNOWN
24803,UNKNOWN
31055,417.0
26149,119.0
8539,244.0
30036,UNKNOWN
29780,150.0
33533,UNKNOWN
30408,114.0
30135,
28685,209.0
29667,151.0
22131,UNKNOWN
29649,182.0
15139,205.0
33691,UNKNOWN
29929,UNKNOWN
28023,UNKNOWN
12903,UNKNOWN
10943,UNKNOWN
19555,UNKNOWN
32889,146.0
32890,UNKNOWN
12901,143.0
21037,UNKNOWN
12895,
16830,UNKNOWN
18269,UNKNOWN
23641,UNKNOWN
30049,UNKNOWN
30054,UNKNOWN
10244,203.0
4682,246.0
4681,350.0
10909,194.0
12861,UNKNOWN
16253,UNKNOWN
34038,UNKNOWN
29800,130.0
30973,UNKNOWN
29917,113.0
30863,363.0
5921,139.0
31269,207.0
16832,UNKNOWN
31476,513.0
31266,240.0
9228,422.0
4544,UNKNOWN
33319,UNKNOWN
29867,128.0
25173,275.0
29986,UNKNOWN
5303,238.0
12799,UNKNOWN
9973,197.0
18491,170.0
6156,211.0
18489,187.0
32751,371.0
32808,117.0
32809,121.0
24603,157.0
32269,UNKNOWN
32270,UNKNOWN
31348,185.0
10563,122.0
18817,UNKNOWN
32920,UNKNOWN
21129,144.0
24981,UNKNOWN
28055,247.0
30957,UNKNOWN
23345,130.0
15141,134.0
33828,160.0
24575,UNKNOWN
30213,162.0
29812,202.0
22197,UNKNOWN
30309,143.0
33048,313.0
30211,245.0
4790,211.0
11093,333.0
11097,UNKNOWN
11095,UNKNOWN
31765,434605.0
25537,238399.0
33674,452710.0
33820,3169.0
20471,UNKNOWN
31853,11991.0
32086,57382.0
9488,6920.0
33729,5185.0
33730,4727.0
33388,UNKNOWN
34244,1358.0
34430,15999.0
34299,30880.0
33672,2937.0
31678,1336.0
3786,141166.0
30778,93738.0
34100,44043.0
33049,212493.0
33050,169637.0
33389,121.0
33783,34779.0
34527,UNKNOWN
23279,12274.0
33378,7655.0
33204,12405.0
34198,162.0
32133,469.0
34032,1041.0
31758,255527.0
33519,16013.0
33520,15364.0
31658,171728.0
31812,84391.0
34021,15436.0
17947,4168.0
32900,87848.0
20715,
34161,27103.0
30695,2046.0
33391,770.0
34315,UNKNOWN
33036,45797.0
34310,UNKNOWN
34416,UNKNOWN
33581,88369.0
34498,104035.0
32222,595.0
34471,712.0
33390,412.0
3220,14830.0
2359,2754.0
2360,1685.0
3038,1718.0
2755,2178.0
11141,398.0
20007,UNKNOWN
26081,227.0
